Time,X1,Y1,Z1,Rx1,Ry1,Rz1,j10,j11,j12,j13,j14,j15
0.0,1136.62137399,61.1226139224,1321.20798716,4.65325303681e-07,0.00015218586526,-89.9998051966,-66.1916503906,24.8360290527,-56.1869506836,0.000946044921875,-33.813079834,-23.8091430664
0.1,1151.41097061,74.8406577559,1351.03928233,-1.27806111091e-05,0.000129499601354,-92.5509559247,-63.9649103025,20.9469922527,-52.3628210125,0.000891781385857,-37.6372396665,-28.5869540497
0.2,1193.11869482,155.381424926,1470.57636142,9.72360354832e-07,5.84856045672e-05,-103.397752836,-54.4973990597,4.41183405273,-36.1036307961,0.000661067150255,-53.8965581213,-48.9009455394
0.3,1168.46559365,327.548052582,1621.80399719,6.11869428011e-05,0.0001143018227,-121.149289276,-39.0030062433,-22.6493681853,-9.49407379344,0.000283483528605,-80.506324997,-82.1465320233
0.4,1124.55604603,394.596032854,1661.01315571,2.58118479579e-05,0.000159536819907,-128.328818225,-32.7362911985,-33.5942851758,1.26817505227,0.000130769657593,-91.268658726,-95.5927263634
0.5,1097.63199022,423.532905853,1675.1617168,-7.06862409999e-06,0.000171947444853,-131.824992615,-29.7239597882,-38.8028787644,6.48163627677,5.67681653639e-05,-96.4821612006,-102.101228692
0.6,1144.2081624,382.025717847,1699.92299052,-4.10912209846e-06,0.00017149227992,-131.824999357,-32.7239023594,-29.5619852353,4.39283780452,8.46035972638e-05,-94.3933562257,-99.1012927486
0.7,1251.77003262,251.861798259,1717.13222912,-3.05839434772e-06,0.000168804977017,-131.825007137,-39.8924064707,-7.48043477741,-0.598444555339,0.000151117673211,-89.4020583277,-91.9328044756
0.8,1316.12450992,131.422733392,1687.49743856,-8.00868338758e-06,0.000166209737321,-131.825005329,-45.3198539564,9.23804004717,-4.37746490243,0.000201477085532,-85.6230262162,-86.5053689814
0.9,1328.09389814,100.768670123,1674.77452713,-1.11089615399e-05,0.000166472125855,-131.494507935,-46.6288754913,13.2702937072,-5.28890991211,0.00021579335372,-84.7115761988,-84.8658543244
1.0,1328.09385405,100.76867196,1674.77457391,2.53578390047e-05,0.00017556244217,-113.639874141,-46.6288624637,13.270267652,-5.28890991211,0.000333041393858,-84.7114589508,-67.0112446068
1.1,1328.0937963,100.768657556,1674.77463191,-5.68806492717e-06,0.000158190237884,-89.9998145917,-46.6288452148,13.2702331543,-5.28890991211,0.00048828125,-84.7113037109,-43.3712158203
1.2,1287.15956142,67.7314930525,1674.77448614,-2.50383949143e-05,0.000162311489144,-89.9998105059,-51.9144287109,13.0467834473,-5.34222412109,0.000518798828125,-84.6579589844,-38.0856323242
1.3,1303.55484892,35.9536023905,1602.18546429,-1.96898749354e-05,0.000152787896215,-89.9998144594,-52.5492671346,18.4910685502,-13.731615462,0.000535345298365,-76.268551097,-37.4508766329
1.4,1312.14185466,15.1140071865,1538.89692218,-7.70124760659e-06,0.000150409903528,-89.9998162438,-53.0849628831,23.0905203199,-20.8274393742,0.000549405759101,-69.1727132137,-36.9152509038
1.5,1306.76802489,27.5456278193,1458.05120049,-2.40817934559e-05,0.00013463934491,-89.9998270542,-52.7886817885,25.3437293846,-31.6514625478,0.000628727813772,-58.3486900401,-37.2116774221
1.6,1289.11871239,56.7700860561,1368.79803456,-6.6108723139e-06,0.000143863828344,-89.9998227605,-52.4307920129,28.0654706684,-44.7262325263,0.000724544093897,-45.2739200616,-37.5697428549
1.7,1287.25237908,60.2318636412,1360.76389252,-2.41222010985e-06,0.000147516609935,-89.9998240586,-52.3679040902,28.3682161545,-45.9710786017,0.000735104359284,-44.0290748803,-37.6326488028
1.8,1289.0080271,75.8169250772,1321.16810222,-1.93530963864e-05,0.000159294773875,-89.9998234224,-51.2592773438,30.9844970703,-51.5988464355,0.000823974609375,-38.4013366699,-38.741394043
1.9,1289.00837198,75.8290333087,1321.14036088,-1.93283950924e-05,0.000159332765906,-89.9998234727,-51.2592773438,30.9844970703,-51.5988464355,0.000823974609375,-38.4013366699,-38.741394043
2.0,1289.00837198,75.8290333087,1321.14036088,-1.93283950924e-05,0.000159332765906,-89.9998234727,-51.2592773438,30.9844970703,-51.5988464355,0.000823974609375,-38.4013366699,-38.741394043
2.1,1289.14939165,75.8290008613,1326.86307077,-2.54483856769e-05,0.000154292983753,-89.9997992897,-51.2481079102,30.4317932129,-50.895111084,0.000823974609375,-39.1050720215,-38.752532959
2.2,1291.87376444,75.8290434005,1437.59397306,-3.89251622083e-05,0.000180136237271,-89.9998411823,-51.032989502,21.2741088867,-36.7930297852,0.000640869140625,-53.2071838379,-38.9674377441
2.3,1294.08735279,75.8290705777,1527.54928079,-7.28600337399e-06,0.000164533562337,-89.9998403207,-50.859161377,16.2450866699,-24.9948730469,0.00054931640625,-65.0053100586,-39.1411132813
2.4,1295.1400578,75.8761696874,1564.38597553,-3.95720216727e-05,0.00017726467522,-89.6713361875,-50.7737872686,14.8599901491,-20.1254299973,0.000548091179461,-69.8747811753,-38.8979401563
2.5,1305.77246482,80.1507744703,1593.20116812,6.12117175244e-05,0.000245967226606,-65.9400698595,-49.676849718,14.4392337513,-16.1990086713,0.000459575260384,-73.8010254695,-16.2635505829
2.6,1325.34000275,96.7057522266,1661.85865176,6.62748826285e-05,0.000181745344116,-10.3832772901,-47.1088332514,13.4542101666,-7.00694972999,0.000252352575275,-82.9926699654,36.725322944
2.7,1335.60376574,106.177892891,1671.91071858,2.28349619067e-05,0.000184403719882,2.33852173739,-45.7103574686,13.447786875,-5.63666123637,0.000202919041149,-84.3628861537,48.0486570428
2.8,1427.64714491,192.918875059,1632.86251109,0.000119145581396,0.000241465328943,33.9437120413,-33.295534884,15.8492779617,-10.3360922915,5.82421879268e-05,-79.6635247578,67.2390342432
2.9,1545.20094304,451.433936135,1545.79197588,0.00019692694944,0.000184078218508,103.347928279,-6.03285965623,21.1228991601,-20.6559387283,-0.000259464975062,-69.3438312912,109.38067723
3.0,1530.52415582,698.528551636,1472.05019817,5.91731675815e-05,0.000155532098759,162.196289912,17.0834016378,25.5944487997,-29.4062269796,-0.000528851663392,-60.5936727445,145.112945708
3.1,1504.61699939,769.898202688,1450.00001285,-2.31752273524e-06,0.000181670476847,-179.999816212,24.076965332,26.947265625,-32.053527832,-0.0006103515625,-57.9464111328,155.923339844
3.2,1572.09709019,778.562254879,1450.47887752,-6.6826210194e-06,0.00017609381593,-179.867676632,22.4434219571,34.6947111464,-27.3984353732,-0.000590896356819,-62.6015230469,157.688971095
3.3,1664.96884102,779.817601548,1440.41513484,-5.26955511379e-06,0.000171219833809,-179.662593884,19.9081154668,46.7189703217,-20.17359745,-0.000560701315785,-69.8263911651,160.429281784
3.4,1760.4044766,759.857319172,1409.11354141,1.05775237541e-05,0.000168685915508,-179.38608814,16.4897694806,62.931242189,-10.4323705769,-0.000519989434318,-79.5676587501,164.124034304
3.5,1762.59682434,758.938496141,1407.94320631,1.01404433152e-05,0.000168327423816,-179.378002174,16.3898010254,63.4053649902,-10.1474914551,-0.000518798828125,-79.8525390625,164.232086182
3.6,1762.59682434,758.938496141,1407.94320631,1.01404433152e-05,0.000168327423816,-179.378002174,16.3898010254,63.4053649902,-10.1474914551,-0.000518798828125,-79.8525390625,164.232086182
3.7,1762.59682434,758.938496141,1407.94320631,1.01404433152e-05,0.000168327423816,-179.378002174,16.3898010254,63.4053649902,-10.1474914551,-0.000518798828125,-79.8525390625,164.232086182
3.8,1762.69512641,754.390526761,1409.83796698,1.75084655519e-05,0.000141411934089,-179.377972111,16.0974121094,63.0748291016,-10.198425293,-0.000518798828125,-79.8016357422,164.524505615
3.9,1724.7075799,754.388924569,1409.83663725,6.89110280459e-06,0.000131509291733,-179.377979096,16.8297119141,55.6795654297,-16.9436950684,-0.00054931640625,-73.0563659668,163.792266846
4.0,1580.35892905,754.388978162,1409.83661845,1.7779109487e-05,0.000133753776266,-179.377959985,20.3168640137,36.8307495117,-32.0715026855,-0.0006103515625,-57.928527832,160.305297852
4.1,1537.47650077,754.363035054,1409.9187465,5.7156001802e-06,0.000148226858188,-179.454003362,21.6332507837,32.2313846621,-35.1755060379,-0.000640794911057,-54.8244940586,158.912912816
4.2,1532.89041441,750.084187145,1423.33901,6.83750390166e-05,3.66442167639e-05,168.024705036,21.4289209145,30.702933058,-34.0290285254,-0.000628565008787,-55.97098747,146.595933642
4.3,1495.70720081,720.632409105,1505.7923424,0.000800207245121,-6.55381176749e-05,86.5388862367,20.099187071,20.7561062229,-26.5680050581,-0.000548975494949,-63.4321144037,66.4397424652
4.4,1440.85739699,685.965740154,1585.76053327,0.000809471601022,0.000720130386003,-3.80114643868,18.6249651976,9.72846353871,-18.2962715475,-0.000460737835386,-71.7039626232,-22.4261692343
4.5,1383.39793238,655.566461404,1643.84305381,0.000103273531461,0.000653701021998,-82.1329988475,17.3467001611,0.166639546712,-11.1240351773,-0.000384228920981,-78.876298455,-99.4798271096
4.6,1346.48549243,638.21709522,1672.36761564,-7.9297425637e-06,0.000215980979605,-127.664741228,16.6036866572,-5.3913348519,-6.9550496198,-0.000339756800611,-83.0453418262,-144.268588976
4.7,1345.14685875,631.510211627,1674.81696366,5.42348654192e-06,0.000176390703635,-131.825000919,15.789116106,-5.81666281407,-6.57716507195,-0.000329211868697,-83.4232323047,-147.614281549
4.8,1369.95182969,546.878244476,1675.36269324,4.84616613766e-05,0.000201379699241,-131.82499963,4.09412828699,-4.52438458039,-6.62474617654,-0.000227694683725,-83.3756613518,-135.919303882
4.9,1359.1355892,342.066033372,1675.77369053,8.92139272078e-05,0.000191568118982,-131.824996104,-22.3242818829,-1.60519073775,-6.73222958371,1.62771262018e-06,-83.2682008769,-109.500916644
5.0,1253.51871761,156.317155867,1675.05280891,1.7686129573e-05,0.0001637824589,-131.824991759,-48.5481419414,1.29250561569,-6.83892146297,0.000229261335967,-83.161531761,-83.277079349
5.1,1222.04635602,125.297211135,1674.77446656,-1.04043311386e-05,0.000166382001755,-131.647039762,-53.7779539717,1.87039171586,-6.86019897461,0.000275567093667,-83.1402574906,-77.8693206984
5.2,1222.04640535,125.29710502,1674.77447113,3.42596828441e-05,0.000183086731928,-106.809998965,-53.7779358495,1.8703735936,-6.86019897461,0.000402422897818,-83.1400762681,-53.0323134152
5.3,1222.0464278,125.297000878,1674.77447337,1.24162765526e-05,0.00017209869628,-90.5195957518,-53.7779239632,1.87036170737,-6.86019897461,0.000485626551942,-83.1399574057,-36.7419294054
5.4,1222.04638831,125.297141661,1674.77446955,2.78728791925e-05,0.000184180835962,-115.447708325,-53.7779421519,1.87037989608,-6.86019897461,0.00035830557559,-83.1401392928,-61.6700112022
5.5,1222.27983948,123.984986624,1672.93183281,-7.59417244032e-06,0.000168606313847,-131.38596049,-53.8472675785,2.03522213579,-7.10587074882,0.000277861584133,-82.8945831708,-77.5389291184
5.6,1225.4081181,70.7239014947,1587.05586481,3.33405303397e-05,0.000172159517555,-111.624754184,-56.9671314981,9.45438645947,-18.1637852959,0.000422048736109,-71.8364955991,-54.6579564835
5.7,1216.99958587,33.9659678266,1507.25370655,2.14124651989e-05,0.000167846736498,-93.9948377968,-59.7505048378,16.0733623871,-28.0290567745,0.0005506846911,-61.9710697574,-34.2447939676
5.8,1213.65546242,31.1319118805,1475.2973426,2.32443823609e-05,0.000172367368159,-89.9998549037,-60.1932678223,17.9637451172,-32.2112121582,0.000579833984375,-57.7888793945,-29.8070983887
5.9,1212.7175506,58.4999170727,1380.31416535,-4.46026357729e-06,0.00017758203568,-89.999820689,-58.8221435547,22.4740905762,-45.9477844238,0.000732421875,-44.0523376465,-31.1784057617
6.0,1212.14381271,75.2412480316,1322.21124982,9.65996650378e-06,0.000176998458712,-89.9998341217,-57.9176635742,26.8368225098,-54.580657959,0.0008544921875,-35.4194335938,-32.0830993652
6.1,1212.14169336,75.3045940252,1321.99032587,2.62175145715e-05,0.000151323689957,-89.9998643548,-57.9176635742,26.8368225098,-54.580657959,0.0008544921875,-35.4194335938,-32.0830993652
6.2,1212.14169336,75.3045940252,1321.99032587,2.62175145715e-05,0.000151323689957,-89.9998643548,-57.9176635742,26.8368225098,-54.580657959,0.0008544921875,-35.4194335938,-32.0830993652
6.3,1212.14169336,75.3045940252,1321.99032587,2.62175145715e-05,0.000151323689957,-89.9998643548,-57.9176635742,26.8368225098,-54.580657959,0.0008544921875,-35.4194335938,-32.0830993652
6.4,1212.63402851,60.9374408511,1371.85332064,2.16256080159e-05,0.000156395340988,-89.999870787,-58.6940307617,23.0315246582,-47.1923217773,0.000732421875,-42.8077697754,-31.3065795898
6.5,1213.62896376,31.9062969747,1472.60968799,2.51523863351e-05,0.000173095144389,-89.9998516318,-60.1560974121,18.0479431152,-32.5941467285,0.000579833984375,-57.4059448242,-29.8442687988
6.6,1234.721252,38.356930662,1493.79958562,2.37940924477e-05,0.000215935576689,-82.6293297891,-57.9678157576,17.4399257071,-29.5863718552,0.000549837963755,-60.4137146982,-24.6619877371
6.7,1358.45516672,134.197755872,1525.9628698,0.000185755824948,0.000434062435787,-34.1464368774,-42.0925192335,16.562976159,-25.1253025766,0.000352525548645,-64.8747510914,7.94573044231
6.8,1495.075488,385.135872605,1586.47261893,0.000491270813704,0.000328090377752,54.2242862221,-13.1563268148,14.9645441285,-16.9940302666,-7.11941044729e-06,-73.0059634605,67.3804128838
6.9,1504.80028736,582.230164902,1628.8192614,0.000372361762638,0.000115354637236,114.742219003,6.65970355592,13.8699089256,-11.4255872346,-0.000253410791777,-78.574365444,108.082363413
7.0,1450.75665392,755.369918234,1668.19338287,5.17369411687e-05,0.000137578602176,170.618460248,24.9558417491,12.8592324081,-6.28424452728,-0.000480811586966,-83.7156702512,145.662468898
7.1,1436.80138947,782.453530354,1673.69919073,-4.12045439209e-06,0.000174289663014,179.952575162,28.0316350458,12.7909222692,-5.54886287409,-0.000516747809816,-84.4510458296,151.92078805
7.2,1493.07524271,847.278598467,1512.5120627,0.00028442735714,0.000276075353607,179.952536241,30.752742938,26.8702919363,-22.8433691534,-0.000229480055722,-67.1565754587,149.199680158
7.3,1505.2166175,878.419795653,1402.03181415,0.000445397069496,0.000343873136666,179.952600075,32.4979589528,35.9002688409,-33.9354134687,-4.52373483961e-05,-56.0645541737,147.454464143
7.4,1505.39550751,880.484693415,1393.10499192,0.000456876615541,0.000348944033885,179.952607903,32.6373901367,36.6217041016,-34.8215942383,-3.0517578125e-05,-55.1783752441,147.315032959
7.5,1505.39550751,880.484693415,1393.10499192,0.000456876615541,0.000348944033885,179.952607903,32.6373901367,36.6217041016,-34.8215942383,-3.0517578125e-05,-55.1783752441,147.315032959
7.6,1505.39550751,880.484693415,1393.10499192,0.000456876615541,0.000348944033885,179.952607903,32.6373901367,36.6217041016,-34.8215942383,-3.0517578125e-05,-55.1783752441,147.315032959
7.7,1505.3954813,880.484679254,1442.80466123,0.000455545792726,0.000348090159977,179.952610431,32.6373901367,33.633972168,-29.2205810547,-3.0517578125e-05,-60.7793884277,147.315032959
7.8,1505.39541809,880.484643114,1548.52473819,0.000469820918078,0.000320990231742,179.952616638,32.6373901367,29.2440795898,-16.5464782715,-3.0517578125e-05,-73.4535217285,147.315032959
7.9,1505.39550247,880.484697926,1575.51742885,0.00045294968578,0.000346424464341,179.952618392,32.6373901367,28.5971679688,-13.1392211914,-3.0517578125e-05,-76.860748291,147.315032959
8.0,1482.90493355,843.153964841,1616.39125299,0.000286558962778,0.000274423050232,179.952587311,30.9015865708,22.6274527438,-10.2442644096,-0.000213766611856,-79.7556821667,149.050836525
8.1,1436.2364075,781.935058414,1674.77448012,-4.39047079356e-06,0.000174634683096,179.952576275,28.0122070312,12.6903991699,-5.42538452148,-0.000518798828125,-84.5745239258,151.940216064
8.2,1436.23639706,781.935046694,1674.77450881,4.10411557272e-05,8.44194222457e-05,169.954628754,28.0122070312,12.6904021058,-5.42538354286,-0.000514884330512,-84.5745386051,141.942268172
8.3,1436.23630482,781.934961041,1674.77450881,0.000563799434068,-0.000147761028852,110.609149781,28.0122070312,12.6904195325,-5.42537773397,-0.00049164878789,-84.5746257384,82.596787001
8.4,1436.2364912,781.935002826,1674.77451618,0.000916291688828,0.000547904207543,17.5491598443,28.0122070312,12.6904468593,-5.42536862503,-0.000455212998677,-84.5747623726,-10.4632063846
8.5,1436.2365253,781.93498018,1674.77453087,0.000377643572487,0.000803854388776,-48.6140828169,28.0122070312,12.690466288,-5.4253621488,-0.000429308096208,-84.574859516,-76.626451491
8.6,1436.23652904,781.934939141,1674.77454291,-1.52963885498e-05,0.000292398114159,-118.418242636,28.0122070312,12.6904867858,-5.42535531619,-0.000401977665,-84.5749620051,-146.430613893
8.7,1433.74187123,776.111343628,1675.55587122,5.07198679846e-06,0.000159567270602,-131.825000447,27.6072740258,12.0345741761,-5.46588725301,-0.000394574954585,-84.5344505939,-159.432438821
8.8,1408.31407458,725.684240838,1680.03884023,7.51726121114e-06,0.000164067651893,-131.825000678,23.9573544104,6.12237972253,-5.83123929639,-0.000375163534487,-84.1691179619,-155.782519205
8.9,1343.55325495,637.254926274,1674.88776745,2.47239930713e-06,0.000173891205386,-131.825000997,16.5923480455,-5.80756788451,-6.56846652562,-0.000335994114982,-83.4319299021,-148.41751284
9.0,1347.39458669,614.008799143,1674.84272003,1.54195616394e-05,0.000184705139024,-131.825000305,13.4241950644,-6.11084015558,-6.54161317584,-0.000308906601827,-83.4587848282,-145.24936241
9.1,1349.07504027,487.897290348,1675.1128738,7.72021940252e-05,0.000213040302735,-131.824997023,-3.86668788356,-7.28707193913,-6.36093578564,-0.000160055083808,-83.6394693066,-127.958493639
9.2,1239.39921459,262.153762899,1675.08579555,7.98383691248e-05,0.000173445398718,-131.82499318,-39.8978372203,-9.73813158269,-5.98443598237,0.000150125217041,-84.0159838804,-91.9273738431
9.3,1172.10649613,206.734607349,1674.88639869,2.8490735515e-05,0.000162679566269,-131.824992792,-52.6237629697,-10.6038269501,-5.85145913791,0.000259678521618,-84.1489659416,-79.2014585273
9.4,1141.19582943,188.592217095,1674.77457059,1.33510992931e-06,0.000164472311748,-131.111337149,-57.9088129237,-10.9633494944,-5.79623413086,0.000309045755077,-84.2041881396,-73.2027571143
9.5,1141.19575567,188.592236345,1674.77451414,1.56872126979e-05,0.000172515374588,-106.877354601,-57.9087941502,-10.9633870414,-5.79623413086,0.000440460403049,-84.2040191779,-48.9688071641
9.6,1142.51193262,183.648244312,1668.40454864,-1.55828698616e-05,0.000170290703147,-92.4310813142,-58.1301977359,-10.2903390692,-6.79563296384,0.000521508691135,-83.2045169142,-34.3011471978
9.7,1151.09197013,129.361787659,1584.71572082,-1.30139257825e-05,0.000161504842092,-92.4310778967,-60.9004775254,-1.86907125322,-19.2998313274,0.000555413740026,-70.7002846455,-31.5309861731
9.8,1148.93748699,99.7723735159,1521.41068396,5.32502554281e-06,0.000164885703759,-92.4310720044,-62.8957824707,4.19638061523,-28.3060302734,0.000579833984375,-61.6940612793,-29.5357666016
9.9,1136.02976564,65.0091699783,1528.81973767,4.16271723788e-06,0.000161965865682,-92.4310541636,-66.072265625,7.05023193359,-26.8919372559,0.000579833984375,-63.1081237793,-26.3592529297
10.0,1137.18854614,55.1630015632,1499.5449137,-1.83682445142e-05,0.000153159345616,-92.0936487869,-66.4067179648,9.83247038556,-30.7970185162,0.000630658035694,-59.2030382836,-25.6874559493
10.1,1139.74704672,52.6925640891,1369.69905276,-3.3561553213e-05,0.000139623401738,-90.5987999803,-66.2531748287,20.5439570412,-48.9236460471,0.000855822111606,-41.076391989,-24.3464725315
10.2,1136.62137399,61.1226139224,1321.20798716,4.65325257562e-07,0.000152185865359,-89.9998051966,-66.1916503906,24.8360290527,-56.1869506836,0.000946044921875,-33.813079834,-23.8091430664
10.3,1136.62137399,61.1226139224,1321.20798716,4.65325257562e-07,0.000152185865359,-89.9998051966,-66.1916503906,24.8360290527,-56.1869506836,0.000946044921875,-33.813079834,-23.8091430664
10.4,1136.62137399,61.1226139224,1321.20798716,4.65325257562e-07,0.000152185865359,-89.9998051966,-66.1916503906,24.8360290527,-56.1869506836,0.000946044921875,-33.813079834,-23.8091430664
10.5,1136.61980402,61.1222365394,1321.37284358,1.84746350337e-07,0.000152044890381,-90.001697496,-66.1918334961,24.8172607422,-56.1641540527,0.000946044921875,-33.8358764648,-23.8108520508
10.6,1136.20302008,61.0447441115,1361.11566782,5.024822215e-06,0.000150032123,-90.4651033951,-66.2394104004,20.4929504395,-50.6047363281,0.000823974609375,-39.3952941895,-24.2265319824
10.7,1134.7318717,60.7709982455,1501.47981468,-5.09778089406e-06,0.000164169304699,-92.1015982703,-66.4075012207,8.96966552734,-30.6676940918,0.0006103515625,-59.3323669434,-25.6946105957
10.8,1135.55981015,61.7556366317,1529.87332438,3.10882730015e-06,0.000161608570738,-92.6322865403,-66.2743283382,7.34511074348,-26.695196192,0.000577239212838,-63.3048649834,-26.3584209205
10.9,1186.13098077,117.044208866,1535.99705442,0.000161692362316,0.000102310378439,-102.718244855,-57.9017367567,3.85858452008,-26.180018838,0.00044718652671,-63.8200493673,-44.8169076257
11.0,1270.0782308,319.899209773,1544.75236438,0.000411259333737,0.000295039711668,-135.86111358,-30.3890452985,-7.59828869677,-24.4871241768,1.98278777265e-05,-65.512967129,-105.472278733
11.1,1245.8996074,490.662615405,1537.30160357,0.00012652293279,0.000336065351835,-166.878837494,-4.64047033081,-18.3205460727,-22.9027780883,-0.000380128492523,-67.0973348367,-162.238421461
11.2,1214.94309498,545.20380478,1529.9272273,4.11762382698e-06,0.000165128549542,-179.713500414,6.01390376516,-22.7572553422,-22.2471994419,-0.000545624439233,-67.7529224289,-185.727399837
11.3,1222.04242884,561.792396768,1531.07618604,9.11098521797e-06,0.000162318094726,-179.99982044,9.13094987781,-21.3282727948,-22.6722967591,-0.00054931640625,-67.3277984842,-189.130760811
11.4,1250.75498815,684.369219276,1532.68285056,1.88773626918e-05,0.000175295667595,-179.99980646,28.1690653206,-11.2255319471,-25.5797050792,-0.00054931640625,-64.4202127858,-208.168836836
11.5,1248.0466163,740.396681593,1529.21497225,7.33759077836e-06,0.000174362882518,-179.999800406,35.742402728,-7.17212337838,-26.8167116424,-0.000549894240277,-63.1831356541,-215.742157547
11.6,1248.22968384,746.506120089,1497.3681939,-4.09908280265e-07,0.000169907624309,-179.999797746,36.4584977663,-4.6588624035,-31.8927594557,-0.000585570557451,-58.1070807056,-216.458188368
11.7,1235.70377814,754.602728526,1409.19689411,1.19270185037e-05,0.000183312366084,-179.999802936,38.5455681836,2.66607681685,-46.686981816,-0.000689549755119,-43.3128375495,-218.545071623
11.8,1233.0523122,754.599281004,1399.37421551,1.73562817166e-05,0.000188222370335,-179.999803454,38.793548584,3.5364074707,-48.4447937012,-0.000701904296875,-41.5550231934,-218.793029785
11.9,1233.0523122,754.599281004,1399.37421551,1.73562817166e-05,0.000188222370335,-179.999803454,38.793548584,3.5364074707,-48.4447937012,-0.000701904296875,-41.5550231934,-218.793029785
12.0,1233.0523122,754.599281004,1399.37421551,1.73562817166e-05,0.000188222370335,-179.999803454,38.793548584,3.5364074707,-48.4447937012,-0.000701904296875,-41.5550231934,-218.793029785
12.1,1235.85763348,759.549946783,1402.11499818,2.36105936037e-05,0.000187115546866,-176.520093196,39.1050720215,3.86917114258,-47.8995666504,-0.000701904296875,-42.1002807617,-215.624847412
12.2,1247.48069838,815.785719796,1438.89132427,1.43804608699e-05,0.00017446412326,-129.828751705,43.9212646484,5.75866699219,-41.1575012207,-0.0006103515625,-48.8427124023,-173.749816895
12.3,1224.31959982,826.841312404,1485.75136554,2.62580684488e-05,0.000178687483206,-70.3351454686,47.1694030762,0.925048828125,-33.9051208496,-9.1552734375e-05,-56.0953674316,-117.504699707
12.4,1226.29769111,777.61912049,1525.48021017,1.99615833359e-05,0.000160298257843,-19.8951997795,42.0454406738,-6.07220458984,-27.5112915039,0.00042724609375,-62.4890441895,-61.9410400391
12.5,1241.48211968,751.319857619,1540.88724737,8.21501799663e-06,0.000150938873134,-0.334373578371,37.629486084,-7.62078857422,-25.0447692871,0.00054931640625,-64.9553833008,-37.9642944336
12.6,1251.62813406,713.637354619,1555.89618931,5.79478906253e-06,0.000171762938387,-10.7208336206,32.077568314,-10.1798398415,-22.4414315352,0.000509229019255,-67.5587793764,-42.7987985579
12.7,1257.39539887,657.20497209,1577.20336849,2.96271216083e-05,0.000167569613009,-27.0580684772,23.7457188423,-14.0575020866,-18.5359514087,0.000448141823716,-71.4643018753,-50.8041320145
12.8,1188.8221331,477.478851738,1645.01306679,5.10711200243e-05,0.00018727853952,-90.5260873541,-8.62246225391,-29.1217293277,-3.36365521791,0.000210825797476,-86.6367626776,-81.9038397011
12.9,1119.18386935,430.922932507,1669.03410955,1.01955709793e-05,0.000180674444679,-122.373517185,-24.8644198102,-36.6807743893,4.24961752145,9.17435168207e-05,-94.250118017,-97.5092928082
13.0,1097.03138974,424.02241579,1674.77454667,-7.03932137406e-06,0.000171588069003,-131.824992555,-29.6846066064,-38.924100606,6.50903708998,5.64030207699e-05,-96.5095620991,-102.140581786
13.1,1097.03138974,424.02241579,1674.77454667,-7.03932137406e-06,0.000171588069003,-131.824992555,-29.6846066064,-38.924100606,6.50903708998,5.64030207699e-05,-96.5095620991,-102.140581786
13.2,1097.03138974,424.02241579,1674.77454667,-7.03932137406e-06,0.000171588069003,-131.824992555,-29.6846066064,-38.924100606,6.50903708998,5.64030207699e-05,-96.5095620991,-102.140581786
13.3,1097.03138974,424.02241579,1674.77454667,-7.03932137406e-06,0.000171588069003,-131.824992555,-29.6846066064,-38.924100606,6.50903708998,5.64030207699e-05,-96.5095620991,-102.140581786
13.4,1097.03138974,424.02241579,1674.77454667,-7.03932137406e-06,0.000171588069003,-131.824992555,-29.6846066064,-38.924100606,6.50903708998,5.64030207699e-05,-96.5095620991,-102.140581786
13.5,1097.03138974,424.02241579,1674.77454667,-7.03932137406e-06,0.000171588069003,-131.824992555,-29.6846066064,-38.924100606,6.50903708998,5.64030207699e-05,-96.5095620991,-102.140581786
13.6,1097.03138974,424.02241579,1674.77454667,-7.03932137406e-06,0.000171588069003,-131.824992555,-29.6846066064,-38.924100606,6.50903708998,5.64030207699e-05,-96.5095620991,-102.140581786
13.7,1097.03138974,424.02241579,1674.77454667,-7.03932137406e-06,0.000171588069003,-131.824992555,-29.6846066064,-38.924100606,6.50903708998,5.64030207699e-05,-96.5095620991,-102.140581786
13.8,1097.03138974,424.02241579,1674.77454667,-7.03932137406e-06,0.000171588069003,-131.824992555,-29.6846066064,-38.924100606,6.50903708998,5.64030207699e-05,-96.5095620991,-102.140581786
13.9,1097.03138974,424.02241579,1674.77454667,-7.03932137406e-06,0.000171588069003,-131.824992555,-29.6846066064,-38.924100606,6.50903708998,5.64030207699e-05,-96.5095620991,-102.140581786
14.0,1097.03138974,424.02241579,1674.77454667,-7.03932137406e-06,0.000171588069003,-131.824992555,-29.6846066064,-38.924100606,6.50903708998,5.64030207699e-05,-96.5095620991,-102.140581786
14.1,1097.03138974,424.02241579,1674.77454667,-7.03932137406e-06,0.000171588069003,-131.824992555,-29.6846066064,-38.924100606,6.50903708998,5.64030207699e-05,-96.5095620991,-102.140581786
14.2,1097.03138974,424.02241579,1674.77454667,-7.03932137406e-06,0.000171588069003,-131.824992555,-29.6846066064,-38.924100606,6.50903708998,5.64030207699e-05,-96.5095620991,-102.140581786
14.3,1097.03138974,424.02241579,1674.77454667,-7.03932137406e-06,0.000171588069003,-131.824992555,-29.6846066064,-38.924100606,6.50903708998,5.64030207699e-05,-96.5095620991,-102.140581786
14.4,1097.03138974,424.02241579,1674.77454667,-7.03932137406e-06,0.000171588069003,-131.824992555,-29.6846066064,-38.924100606,6.50903708998,5.64030207699e-05,-96.5095620991,-102.140581786
14.5,1097.03138974,424.02241579,1674.77454667,-7.03932137406e-06,0.000171588069003,-131.824992555,-29.6846066064,-38.924100606,6.50903708998,5.64030207699e-05,-96.5095620991,-102.140581786
14.6,1097.03138974,424.02241579,1674.77454667,-7.03932137406e-06,0.000171588069003,-131.824992555,-29.6846066064,-38.924100606,6.50903708998,5.64030207699e-05,-96.5095620991,-102.140581786
14.7,1097.03138974,424.02241579,1674.77454667,-7.03932137406e-06,0.000171588069003,-131.824992555,-29.6846066064,-38.924100606,6.50903708998,5.64030207699e-05,-96.5095620991,-102.140581786
14.8,1097.03138974,424.02241579,1674.77454667,-7.03932137406e-06,0.000171588069003,-131.824992555,-29.6846066064,-38.924100606,6.50903708998,5.64030207699e-05,-96.5095620991,-102.140581786
14.9,1097.03138974,424.02241579,1674.77454667,-7.03932137406e-06,0.000171588069003,-131.824992555,-29.6846066064,-38.924100606,6.50903708998,5.64030207699e-05,-96.5095620991,-102.140581786
15.0,1097.03138974,424.02241579,1674.77454667,-7.03932137406e-06,0.000171588069003,-131.824992555,-29.6846066064,-38.924100606,6.50903708998,5.64030207699e-05,-96.5095620991,-102.140581786
15.1,1097.03138974,424.02241579,1674.77454667,-7.03932137406e-06,0.000171588069003,-131.824992555,-29.6846066064,-38.924100606,6.50903708998,5.64030207699e-05,-96.5095620991,-102.140581786
15.2,1097.03138974,424.02241579,1674.77454667,-7.03932137406e-06,0.000171588069003,-131.824992555,-29.6846066064,-38.924100606,6.50903708998,5.64030207699e-05,-96.5095620991,-102.140581786
15.3,1097.03138974,424.02241579,1674.77454667,-7.03932137406e-06,0.000171588069003,-131.824992555,-29.6846066064,-38.924100606,6.50903708998,5.64030207699e-05,-96.5095620991,-102.140581786
15.4,1097.03138974,424.02241579,1674.77454667,-7.03932137406e-06,0.000171588069003,-131.824992555,-29.6846066064,-38.924100606,6.50903708998,5.64030207699e-05,-96.5095620991,-102.140581786
15.5,1097.03138974,424.02241579,1674.77454667,-7.03932137406e-06,0.000171588069003,-131.824992555,-29.6846066064,-38.924100606,6.50903708998,5.64030207699e-05,-96.5095620991,-102.140581786
15.6,1097.03138974,424.02241579,1674.77454667,-7.03932137406e-06,0.000171588069003,-131.824992555,-29.6846066064,-38.924100606,6.50903708998,5.64030207699e-05,-96.5095620991,-102.140581786
15.7,1097.03138974,424.02241579,1674.77454667,-7.03932137406e-06,0.000171588069003,-131.824992555,-29.6846066064,-38.924100606,6.50903708998,5.64030207699e-05,-96.5095620991,-102.140581786
15.8,1097.03138974,424.02241579,1674.77454667,-7.03932137406e-06,0.000171588069003,-131.824992555,-29.6846066064,-38.924100606,6.50903708998,5.64030207699e-05,-96.5095620991,-102.140581786
15.9,1097.03138974,424.02241579,1674.77454667,-7.03932137406e-06,0.000171588069003,-131.824992555,-29.6846066064,-38.924100606,6.50903708998,5.64030207699e-05,-96.5095620991,-102.140581786
16.0,1097.03138974,424.02241579,1674.77454667,-7.03932137406e-06,0.000171588069003,-131.824992555,-29.6846066064,-38.924100606,6.50903708998,5.64030207699e-05,-96.5095620991,-102.140581786
16.1,1097.03138974,424.02241579,1674.77454667,-7.03932137406e-06,0.000171588069003,-131.824992555,-29.6846066064,-38.924100606,6.50903708998,5.64030207699e-05,-96.5095620991,-102.140581786
16.2,1097.03138974,424.02241579,1674.77454667,-7.03932137406e-06,0.000171588069003,-131.824992555,-29.6846066064,-38.924100606,6.50903708998,5.64030207699e-05,-96.5095620991,-102.140581786
16.3,1097.03138974,424.02241579,1674.77454667,-7.03932137406e-06,0.000171588069003,-131.824992555,-29.6846066064,-38.924100606,6.50903708998,5.64030207699e-05,-96.5095620991,-102.140581786
16.4,1097.03138974,424.02241579,1674.77454667,-7.03932137406e-06,0.000171588069003,-131.824992555,-29.6846066064,-38.924100606,6.50903708998,5.64030207699e-05,-96.5095620991,-102.140581786
16.5,1097.03138974,424.02241579,1674.77454667,-7.03932137406e-06,0.000171588069003,-131.824992555,-29.6846066064,-38.924100606,6.50903708998,5.64030207699e-05,-96.5095620991,-102.140581786
16.6,1097.03138974,424.02241579,1674.77454667,-7.03932137406e-06,0.000171588069003,-131.824992555,-29.6846066064,-38.924100606,6.50903708998,5.64030207699e-05,-96.5095620991,-102.140581786
16.7,1097.03138974,424.02241579,1674.77454667,-7.03932137406e-06,0.000171588069003,-131.824992555,-29.6846066064,-38.924100606,6.50903708998,5.64030207699e-05,-96.5095620991,-102.140581786
16.8,1097.03138974,424.02241579,1674.77454667,-7.03932137406e-06,0.000171588069003,-131.824992555,-29.6846066064,-38.924100606,6.50903708998,5.64030207699e-05,-96.5095620991,-102.140581786
16.9,1097.03138974,424.02241579,1674.77454667,-7.03932137406e-06,0.000171588069003,-131.824992555,-29.6846066064,-38.924100606,6.50903708998,5.64030207699e-05,-96.5095620991,-102.140581786
17.0,1097.03138974,424.02241579,1674.77454667,-7.03932137406e-06,0.000171588069003,-131.824992555,-29.6846066064,-38.924100606,6.50903708998,5.64030207699e-05,-96.5095620991,-102.140581786
17.1,1097.03138974,424.02241579,1674.77454667,-7.03932137406e-06,0.000171588069003,-131.824992555,-29.6846066064,-38.924100606,6.50903708998,5.64030207699e-05,-96.5095620991,-102.140581786
17.2,1097.03138974,424.02241579,1674.77454667,-7.03932137406e-06,0.000171588069003,-131.824992555,-29.6846066064,-38.924100606,6.50903708998,5.64030207699e-05,-96.5095620991,-102.140581786
17.3,1097.03138974,424.02241579,1674.77454667,-7.03932137406e-06,0.000171588069003,-131.824992555,-29.6846066064,-38.924100606,6.50903708998,5.64030207699e-05,-96.5095620991,-102.140581786
17.4,1097.03138974,424.02241579,1674.77454667,-7.03932137406e-06,0.000171588069003,-131.824992555,-29.6846066064,-38.924100606,6.50903708998,5.64030207699e-05,-96.5095620991,-102.140581786
17.5,1097.03138974,424.02241579,1674.77454667,-7.03932137406e-06,0.000171588069003,-131.824992555,-29.6846066064,-38.924100606,6.50903708998,5.64030207699e-05,-96.5095620991,-102.140581786
17.6,1097.03138974,424.02241579,1674.77454667,-7.03932137406e-06,0.000171588069003,-131.824992555,-29.6846066064,-38.924100606,6.50903708998,5.64030207699e-05,-96.5095620991,-102.140581786
17.7,1097.03138974,424.02241579,1674.77454667,-7.03932137406e-06,0.000171588069003,-131.824992555,-29.6846066064,-38.924100606,6.50903708998,5.64030207699e-05,-96.5095620991,-102.140581786
17.8,1097.03138974,424.02241579,1674.77454667,-7.03932137406e-06,0.000171588069003,-131.824992555,-29.6846066064,-38.924100606,6.50903708998,5.64030207699e-05,-96.5095620991,-102.140581786
17.9,1097.03138974,424.02241579,1674.77454667,-7.03932137406e-06,0.000171588069003,-131.824992555,-29.6846066064,-38.924100606,6.50903708998,5.64030207699e-05,-96.5095620991,-102.140581786
18.0,1097.03138974,424.02241579,1674.77454667,-7.03932137406e-06,0.000171588069003,-131.824992555,-29.6846066064,-38.924100606,6.50903708998,5.64030207699e-05,-96.5095620991,-102.140581786
18.1,1097.03138974,424.02241579,1674.77454667,-7.03932137406e-06,0.000171588069003,-131.824992555,-29.6846066064,-38.924100606,6.50903708998,5.64030207699e-05,-96.5095620991,-102.140581786
18.2,1097.03138974,424.02241579,1674.77454667,-7.03932137406e-06,0.000171588069003,-131.824992555,-29.6846066064,-38.924100606,6.50903708998,5.64030207699e-05,-96.5095620991,-102.140581786
18.3,1097.03138974,424.02241579,1674.77454667,-7.03932137406e-06,0.000171588069003,-131.824992555,-29.6846066064,-38.924100606,6.50903708998,5.64030207699e-05,-96.5095620991,-102.140581786
18.4,1097.03138974,424.02241579,1674.77454667,-7.03932137406e-06,0.000171588069003,-131.824992555,-29.6846066064,-38.924100606,6.50903708998,5.64030207699e-05,-96.5095620991,-102.140581786
18.5,1097.03138974,424.02241579,1674.77454667,-7.03932137406e-06,0.000171588069003,-131.824992555,-29.6846066064,-38.924100606,6.50903708998,5.64030207699e-05,-96.5095620991,-102.140581786
18.6,1097.03138974,424.02241579,1674.77454667,-7.03932137406e-06,0.000171588069003,-131.824992555,-29.6846066064,-38.924100606,6.50903708998,5.64030207699e-05,-96.5095620991,-102.140581786
18.7,1097.03138974,424.02241579,1674.77454667,-7.03932137406e-06,0.000171588069003,-131.824992555,-29.6846066064,-38.924100606,6.50903708998,5.64030207699e-05,-96.5095620991,-102.140581786
18.8,1097.03138974,424.02241579,1674.77454667,-7.03932137406e-06,0.000171588069003,-131.824992555,-29.6846066064,-38.924100606,6.50903708998,5.64030207699e-05,-96.5095620991,-102.140581786
18.9,1097.03138974,424.02241579,1674.77454667,-7.03932137406e-06,0.000171588069003,-131.824992555,-29.6846066064,-38.924100606,6.50903708998,5.64030207699e-05,-96.5095620991,-102.140581786
19.0,1097.03138974,424.02241579,1674.77454667,-7.03932137406e-06,0.000171588069003,-131.824992555,-29.6846066064,-38.924100606,6.50903708998,5.64030207699e-05,-96.5095620991,-102.140581786
19.1,1097.03138974,424.02241579,1674.77454667,-7.03932137406e-06,0.000171588069003,-131.824992555,-29.6846066064,-38.924100606,6.50903708998,5.64030207699e-05,-96.5095620991,-102.140581786
19.2,1097.03138974,424.02241579,1674.77454667,-7.03932137406e-06,0.000171588069003,-131.824992555,-29.6846066064,-38.924100606,6.50903708998,5.64030207699e-05,-96.5095620991,-102.140581786
19.3,1097.03138974,424.02241579,1674.77454667,-7.03932137406e-06,0.000171588069003,-131.824992555,-29.6846066064,-38.924100606,6.50903708998,5.64030207699e-05,-96.5095620991,-102.140581786
19.4,1097.03138974,424.02241579,1674.77454667,-7.03932137406e-06,0.000171588069003,-131.824992555,-29.6846066064,-38.924100606,6.50903708998,5.64030207699e-05,-96.5095620991,-102.140581786
19.5,1097.03138974,424.02241579,1674.77454667,-7.03932137406e-06,0.000171588069003,-131.824992555,-29.6846066064,-38.924100606,6.50903708998,5.64030207699e-05,-96.5095620991,-102.140581786
19.6,1097.03138974,424.02241579,1674.77454667,-7.03932137406e-06,0.000171588069003,-131.824992555,-29.6846066064,-38.924100606,6.50903708998,5.64030207699e-05,-96.5095620991,-102.140581786
19.7,1097.03138974,424.02241579,1674.77454667,-7.03932137406e-06,0.000171588069003,-131.824992555,-29.6846066064,-38.924100606,6.50903708998,5.64030207699e-05,-96.5095620991,-102.140581786
19.8,1097.03138974,424.02241579,1674.77454667,-7.03932137406e-06,0.000171588069003,-131.824992555,-29.6846066064,-38.924100606,6.50903708998,5.64030207699e-05,-96.5095620991,-102.140581786
19.9,1097.03138974,424.02241579,1674.77454667,-7.03932137406e-06,0.000171588069003,-131.824992555,-29.6846066064,-38.924100606,6.50903708998,5.64030207699e-05,-96.5095620991,-102.140581786
20.0,1097.03138974,424.02241579,1674.77454667,-7.03932137406e-06,0.000171588069003,-131.824992555,-29.6846066064,-38.924100606,6.50903708998,5.64030207699e-05,-96.5095620991,-102.140581786
20.1,1097.03138974,424.02241579,1674.77454667,-7.03932137406e-06,0.000171588069003,-131.824992555,-29.6846066064,-38.924100606,6.50903708998,5.64030207699e-05,-96.5095620991,-102.140581786
20.2,1097.03138974,424.02241579,1674.77454667,-7.03932137406e-06,0.000171588069003,-131.824992555,-29.6846066064,-38.924100606,6.50903708998,5.64030207699e-05,-96.5095620991,-102.140581786
20.3,1097.03138974,424.02241579,1674.77454667,-7.03932137406e-06,0.000171588069003,-131.824992555,-29.6846066064,-38.924100606,6.50903708998,5.64030207699e-05,-96.5095620991,-102.140581786
20.4,1097.03138974,424.02241579,1674.77454667,-7.03932137406e-06,0.000171588069003,-131.824992555,-29.6846066064,-38.924100606,6.50903708998,5.64030207699e-05,-96.5095620991,-102.140581786
20.5,1097.03138974,424.02241579,1674.77454667,-7.03932137406e-06,0.000171588069003,-131.824992555,-29.6846066064,-38.924100606,6.50903708998,5.64030207699e-05,-96.5095620991,-102.140581786
20.6,1097.03138974,424.02241579,1674.77454667,-7.03932137406e-06,0.000171588069003,-131.824992555,-29.6846066064,-38.924100606,6.50903708998,5.64030207699e-05,-96.5095620991,-102.140581786
20.7,1097.03138974,424.02241579,1674.77454667,-7.03932137406e-06,0.000171588069003,-131.824992555,-29.6846066064,-38.924100606,6.50903708998,5.64030207699e-05,-96.5095620991,-102.140581786
20.8,1125.90237494,423.221635803,1688.76075464,1.03315892679e-05,0.00036716741933,-110.41513384,-25.9933480063,-34.8544698277,5.84615171365,1.6909778757e-05,-95.8466364851,-84.4219863422
20.9,1240.36175436,446.215175835,1723.08014605,0.000483870486674,0.000699976555399,-34.3608162553,-12.880875629,-20.3979044803,3.49138139599,-0.000123382219468,-93.491723231,-21.4801503742
21.0,1403.66506354,563.468325733,1726.22109162,0.000742357922592,8.73935085638e-05,74.0948500625,5.81789434635,0.217581469781,0.133409897713,-0.000323442721312,-90.1335479011,68.2767527278
21.1,1471.94900363,671.125758117,1703.6251023,0.000313566126249,-5.84271355686e-05,134.084245485,16.1606282251,11.6204964874,-1.72396390949,-0.000434100937491,-88.2760613498,117.923428086
21.2,1504.2780722,768.342172275,1675.27680073,-1.67348925093e-07,0.00017561310804,179.314864249,23.9588115326,20.2180319736,-3.12438101283,-0.000517534685701,-86.87555924,155.355878693
21.3,1544.35932672,774.285237902,1648.04324827,5.75948679914e-07,0.000179938241164,-179.999822786,23.0186887073,25.7291703006,-4.58725218269,-0.000518798828125,-85.4126990624,156.981327666
21.4,1644.49682936,775.420998867,1557.60564155,8.66240074987e-06,0.000174938456257,-179.999813376,20.1235476202,40.449694847,-8.53120049202,-0.000518798828125,-81.4687843482,159.876513547
21.5,1734.18474574,758.272086421,1431.28980491,1.82766071171e-05,0.00016885926638,-179.999802452,16.8965386657,56.8576221629,-12.9272406598,-0.000518798828125,-77.0727816265,163.10357243
21.6,1749.94061732,752.092031261,1400.63365138,2.04727954827e-05,0.000167426573977,-179.999799968,16.1871948242,60.4643249512,-13.8935546875,-0.000518798828125,-76.1064758301,163.812927246
21.7,1749.94061732,752.092031261,1400.63365138,2.04727954827e-05,0.000167426573977,-179.999799968,16.1871948242,60.4643249512,-13.8935546875,-0.000518798828125,-76.1064758301,163.812927246
21.8,1749.94061732,752.092031261,1400.63365138,2.04727954827e-05,0.000167426573977,-179.999799968,16.1871948242,60.4643249512,-13.8935546875,-0.000518798828125,-76.1064758301,163.812927246
21.9,1749.97931,752.162495629,1402.07409751,2.01207472207e-05,0.000167347810331,-179.993389817,16.1910400391,60.4289855957,-13.7272033691,-0.000518798828125,-76.2728271484,163.815490723
22.0,1752.45702274,756.65276998,1494.05257665,5.5561507763e-06,0.000164662893701,-179.585594369,16.4347839355,60.2607727051,-1.29412841797,-0.000518798828125,-88.7059020996,163.979431152
22.1,1753.70240711,758.850980883,1540.95070561,1.04448846937e-05,0.00016650670284,-179.413927197,16.5527300089,63.555451435,8.25953390891,-0.000518732723202,-98.2595644833,164.033066215
22.2,1748.40035425,734.796555364,1562.58942393,6.25021027698e-05,8.99121796346e-05,170.671144388,15.085304823,60.3030782078,8.20397873839,-0.000500479754112,-98.2040250046,155.585565915
22.3,1684.25245721,604.780114956,1669.87869077,0.000502956260385,-7.90836573468e-05,114.556874083,6.78030355389,41.8960316073,7.88956014582,-0.000397175726821,-97.8896952208,107.776313777
22.4,1475.77963986,447.763537379,1770.57724296,0.000822028510313,0.000487434762388,20.1929824436,-7.18570289262,10.9420409753,7.3608218653,-0.000223455739989,-97.3611062845,27.3784544709
22.5,1303.42483809,405.593188242,1769.11871634,0.000409483369197,0.000727654951511,-44.0828547887,-16.6986295734,-10.1422284962,7.00067249009,-0.000105126602448,-97.0010586349,-27.3844402618
22.6,1139.22278355,413.880472548,1705.73270122,2.46504159235e-06,0.000364804480649,-111.240664742,-26.6380930583,-32.171866015,6.62437488115,1.85081296657e-05,-96.6248673126,-84.6027717798
22.7,1097.03138975,424.022415808,1674.77454667,-7.04240232245e-06,0.000171602391006,-131.824992554,-29.6846066064,-38.924100606,6.50903708998,5.64030207699e-05,-96.5095620991,-102.140581786
22.8,1122.55053357,399.446270347,1690.16749441,1.6763792042e-05,0.000186287699293,-127.55190881,-31.9557284919,-33.6144669244,5.29824653211,0.000103643940329,-95.2987366104,-95.5963729792
22.9,1232.12645202,243.224886477,1717.36683854,6.09972174145e-05,0.000180585876753,-107.46807768,-42.6301665406,-8.65880243218,-0.39255715501,0.000325679698257,-89.6077687462,-64.8381156018
23.0,1279.15643714,110.437849581,1690.31234906,5.18220779999e-06,0.000161459965391,-94.0690442301,-49.751660938,7.99046978756,-4.18919978761,0.000473811749696,-85.8110165821,-44.317620135
23.1,1287.17929913,67.696116151,1674.70379905,-2.50584249727e-05,0.000162282087961,-89.999810509,-51.9150613543,13.0522089078,-5.35058450467,0.000518815317383,-84.6495985843,-38.0849997633
23.2,1303.7588566,35.5135428412,1601.01873587,-1.95305469527e-05,0.000152695822287,-89.9998145011,-52.5592722885,18.5768713435,-13.8638335949,0.00053560607335,-76.1363327033,-37.4408727829
23.3,1312.13296794,15.1721735227,1538.18331112,-6.4734728975e-06,0.00015130377884,-89.9998171219,-53.0824165654,23.1098849915,-20.9204638776,0.000550087473711,-69.0796887103,-36.9177984713
23.4,1306.9884695,27.1346293163,1459.85190461,-2.4003306982e-05,0.000134778889813,-89.9998269887,-52.7954978895,25.291893136,-31.402450255,0.000626902968575,-58.5977023329,-37.2048579756
23.5,1288.497918,57.733373581,1366.60311039,-5.55345071021e-06,0.000144570433013,-89.9998225163,-52.4213471843,28.1372983135,-45.0712800383,0.000727072716952,-44.9288725496,-37.5791923203
23.6,1288.10304472,65.0174828959,1347.67192602,-1.03959891371e-05,0.000149435819343,-89.9998232061,-52.0077331581,29.2181941468,-47.7994292102,0.000763976548157,-42.2007338959,-37.9928582312
23.7,1289.00837194,75.829033274,1321.14036088,-1.93593471273e-05,0.00015930793265,-89.9998234227,-51.2592773438,30.9844970703,-51.5988464355,0.000823974609375,-38.4013366699,-38.741394043
23.8,1289.00837194,75.829033274,1321.14036088,-1.93593471273e-05,0.00015930793265,-89.9998234227,-51.2592773438,30.9844970703,-51.5988464355,0.000823974609375,-38.4013366699,-38.741394043
23.9,1289.00837194,75.829033274,1321.14036088,-1.93593471273e-05,0.00015930793265,-89.9998234227,-51.2592773438,30.9844970703,-51.5988464355,0.000823974609375,-38.4013366699,-38.741394043
24.0,1306.74686981,85.775707436,1332.64192618,2.98074243898e-06,0.000128301792856,-92.6634472925,-49.2345727163,30.2152890156,-49.9320010823,0.000777130302599,-40.0681853692,-43.4296715304
24.1,1425.89345853,193.79421874,1428.78812849,0.000229508605967,5.01037976265e-05,-113.602526462,-33.3180782842,24.1684338079,-36.828689901,0.000408880466126,-53.171522854,-80.2848955036
24.2,1502.97715361,436.600414528,1594.831572,0.000198247449824,0.000256755477577,-146.970591486,-7.95369593917,14.5322197454,-15.9473710775,-0.00017795916057,-74.0528835947,-139.017048884
24.3,1485.33025119,540.943130097,1664.8117948,1.52100510864e-05,0.000194925643454,-160.879154386,2.61884112525,10.5155940318,-7.24349198389,-0.000422569244889,-82.7567801604,-163.498144463
24.4,1481.17029543,557.540533083,1674.85721959,-1.95758031593e-05,0.000209314939356,-158.813839822,4.37646140654,10.0611501277,-5.95743261034,-0.000458487532061,-84.0428380666,-163.190455961
24.5,1487.40300243,577.950890623,1675.49070262,1.64870624438e-05,0.000539807562668,-123.511650842,6.42912420014,11.1330031098,-5.66445810035,-0.000464771571999,-84.3357780144,-129.940931399
24.6,1499.94855706,634.572936677,1676.44274045,0.000758541500298,0.000762444698488,-29.5679555974,11.8915256079,13.9853426449,-4.88481500419,-0.000481494215733,-85.115329136,-41.4596424417
24.7,1506.2079853,694.046845359,1676.3365295,0.000871000555108,8.3394170564e-06,64.4392034867,17.3576171247,16.8396090695,-4.10464522244,-0.000498228156399,-85.8954068811,47.0814197891
24.8,1506.52153258,739.303294093,1675.5866256,0.000285453754299,-0.000128266061301,133.812273008,21.3913476288,18.9459297391,-3.52891489717,-0.000510577054457,-86.4710692874,112.420754573
24.9,1504.61697315,769.898187851,1674.77454927,-4.59540733647e-07,0.000182499133362,-179.99982606,24.076965332,20.3482971191,-3.14559936523,-0.000518798828125,-86.8543395996,155.923034668
25.0,1515.97980914,796.019433612,1620.47494242,-1.4276598974e-05,0.0001720425252,179.990813821,25.7862524916,23.4986375213,-9.32614235939,-0.000536813194615,-80.6737845959,154.20444609
25.1,1514.58679223,865.52750443,1447.21862143,-8.04125062978e-06,0.000162050991579,179.96142998,31.1496048835,33.3836855873,-28.7192735047,-0.000593338158872,-61.2806157672,148.811907975
25.2,1504.28473728,881.105722267,1396.97740355,5.50428426549e-06,0.000166863039319,179.952756469,32.7639160156,36.3589782715,-34.5563964844,-0.0006103515625,-55.4434814453,147.188812256
25.3,1504.03879532,881.38801019,1395.99043207,6.05425685474e-06,0.000167150269898,179.952584489,32.7639160156,36.3589782715,-34.5563964844,-0.0006103515625,-55.4434814453,147.188812256
25.4,1504.03879532,881.38801019,1395.99043207,6.05425685474e-06,0.000167150269898,179.952584489,32.7639160156,36.3589782715,-34.5563964844,-0.0006103515625,-55.4434814453,147.188812256
25.5,1504.05912658,881.374569453,1398.6784095,4.53947486751e-06,0.000166193465313,179.95258711,32.7620239258,36.1860656738,-34.2579345703,-0.0006103515625,-55.7419433594,147.190704346
25.6,1504.34681802,881.18292704,1436.74680419,0.000111424543882,0.000199011593603,179.952579863,32.735168457,33.9081115723,-29.9549560547,-0.000457763671875,-60.0449523926,147.217437744
25.7,1505.34693381,880.516886113,1569.11153593,0.000453034754473,0.000346476271466,179.952617969,32.6419067383,28.7286682129,-13.9565429688,-3.0517578125e-05,-76.0434265137,147.310516357
25.8,1511.09604913,866.594966688,1577.59913633,0.000460125592576,0.000340822658943,175.419504824,31.3809477281,28.2085719936,-13.0479268748,-2.60804518598e-05,-76.952049707,144.03836075
25.9,1551.61538379,705.951154208,1599.90754704,0.000555767957476,0.000342757982717,124.124177094,17.1634296933,23.8113387835,-12.0148683087,2.41287119405e-05,-77.9851886078,106.960540144
26.0,1541.3581262,506.577335086,1624.81429735,0.00058863377509,0.0004910770689,59.0455917805,-0.874391002009,18.2325518248,-10.7042228685,8.78292742799e-05,-79.2959359689,59.9197642347
26.1,1355.78378785,202.288604611,1662.54491165,0.000117195065723,0.000520158981204,-70.4086800127,-36.7552076671,7.135233836,-8.09708814047,0.000214542375456,-81.9032735574,-33.6537047945
26.2,1233.1351366,129.638063957,1673.93730871,-1.08843070137e-05,0.000198788724066,-126.941176572,-52.4243083283,2.28905114574,-6.95855618141,0.000269877803185,-83.0418939673,-74.5171031702
26.3,1224.07469417,112.230096776,1655.93125978,5.04360117524e-06,0.000170331981245,-127.371161073,-54.481117546,3.54254334828,-9.35246193289,0.000307155496932,-80.647956834,-72.8902956726
26.4,1219.29584281,39.9839991923,1522.25199843,2.65342291603e-05,0.000167784024293,-97.2815619092,-59.2316043039,14.8393956412,-26.1898875319,0.000526703263683,-63.8102677777,-38.0503922957
26.5,1213.78703334,27.2915475958,1488.6260775,1.40704630434e-05,0.000168953949525,-89.9998407777,-60.3762512207,17.5827941895,-30.3162536621,0.000579833984375,-59.6838378906,-29.6240844727
26.6,1213.21762725,43.9083649641,1430.95508858,1.60370825822e-05,0.000161932266397,-89.9998254533,-59.5681762695,19.6732177734,-38.5698242187,0.000640869140625,-51.430267334,-30.4322509766
26.7,1212.19953921,73.6129195526,1327.862069,7.91870755194e-07,0.000172375844917,-89.9998414698,-58.0110168457,26.3428039551,-53.7069702148,0.0008544921875,-36.2931518555,-31.9897155762
26.8,1212.14169336,75.3045940252,1321.99032587,2.62175145715e-05,0.000151323689957,-89.9998643548,-57.9176635742,26.8368225098,-54.580657959,0.0008544921875,-35.4194335938,-32.0830993652
26.9,1212.14169336,75.3045940252,1321.99032587,2.62175145715e-05,0.000151323689957,-89.9998643548,-57.9176635742,26.8368225098,-54.580657959,0.0008544921875,-35.4194335938,-32.0830993652
27.0,1212.14169336,75.3045940252,1321.99032587,2.62175145715e-05,0.000151323689957,-89.9998643548,-57.9176635742,26.8368225098,-54.580657959,0.0008544921875,-35.4194335938,-32.0830993652
27.1,1212.30895545,70.420794491,1338.94023998,3.16324166975e-05,0.000157411038057,-89.9998739035,-58.1857299805,25.443939209,-52.0606384277,0.00079345703125,-37.939453125,-31.8149719238
27.2,1213.25393403,42.8491845231,1434.63111865,1.27023423818e-05,0.000160512632841,-89.999830111,-59.6209716797,19.5053710938,-38.0391845703,0.000640869140625,-51.9609069824,-30.3794555664
27.3,1213.82856743,27.2137618873,1489.00284612,1.38527137387e-05,0.000168775343355,-90.0040568406,-60.3764901745,17.5719514105,-30.2631174552,0.000579785383153,-59.7369740846,-29.6280611174
27.4,1267.72888717,71.7223187512,1507.75193476,0.000118925381534,8.40374931755e-05,-96.3564024709,-53.2409159529,15.6269388088,-28.0941071398,0.000506550432093,-61.9059650143,-43.1159272955
27.5,1387.96355645,248.266931412,1565.40245028,0.000465320274409,8.24034964621e-05,-116.490555055,-30.6242371642,9.46209153984,-21.2192841657,0.000274427366339,-68.7807265442,-85.8666194502
27.6,1386.87507347,592.203504915,1659.28735845,0.000394915038432,0.00047299195839,-152.313387863,9.61566693108,-1.50648900126,-8.98750514372,-0.000138569165624,-81.0123962435,-161.92923538
27.7,1306.98329194,712.71985623,1697.44565088,0.000139393029217,0.000385846332433,-168.641790153,27.957478503,-6.50609429405,-3.41211944006,-0.000326817739755,-86.5877321166,-196.599451436
27.8,1233.05238743,771.46853315,1721.99034169,2.80492127174e-05,0.000176979727695,-179.999824562,40.7160644531,-9.98382568359,0.466125488281,-0.000457763671875,-90.4659423828,-220.716094971
27.9,1248.18083733,781.530870961,1666.2368788,1.17794291024e-07,0.000156497293233,-179.99980375,40.4027526937,-7.78043786979,-7.50487043125,-0.000497551186768,-82.4949464633,-220.402693689
28.0,1260.11692006,784.669204377,1537.66178754,-3.05192013619e-05,0.000139242236242,-179.999789632,39.6752761413,-2.66440592421,-26.012674417,-0.000589933560833,-63.9871424776,-219.675009277
28.1,1242.57075768,763.955847071,1426.98774277,-2.47896661419e-06,0.000170153484383,-179.999800699,38.986624798,2.17858490509,-43.5327223617,-0.000677385514837,-46.4670945329,-218.986161166
28.2,1233.05231186,754.599281427,1399.37421551,1.70536027651e-05,0.000187979067852,-179.999803892,38.793548584,3.5364074707,-48.4447937012,-0.000701904296875,-41.5550231934,-218.793029785
28.3,1233.05231186,754.599281427,1399.37421551,1.70536027651e-05,0.000187979067852,-179.999803892,38.793548584,3.5364074707,-48.4447937012,-0.000701904296875,-41.5550231934,-218.793029785
28.4,1233.05231186,754.599281427,1399.37421551,1.70536027651e-05,0.000187979067852,-179.999803892,38.793548584,3.5364074707,-48.4447937012,-0.000701904296875,-41.5550231934,-218.793029785
28.5,1236.31568769,760.407711271,1402.59161705,2.11750989589e-05,0.000190918644868,-175.915051351,39.1607971191,3.92459106445,-47.8052062988,-0.000701904296875,-42.1946411133,-215.075531006
28.6,1248.57976871,802.142083569,1427.99769794,1.95534597375e-05,0.000162851379523,-143.659221968,42.4897460938,5.728515625,-43.029296875,-0.00067138671875,-46.9708251953,-186.148712158
28.7,1233.51478708,832.540675508,1468.49302708,2.91312530049e-05,0.000174957964461,-92.2463782649,46.7911071777,3.54501342773,-36.5108337402,-0.00030517578125,-53.4895935059,-139.037506104
28.8,1219.64617214,805.701848659,1506.83491238,3.61148078545e-06,0.000159798735223,-43.5671329275,45.6231994629,-2.94998168945,-30.5832214355,0.000213623046875,-59.4172668457,-89.1906433105
28.9,1238.91799004,754.871632613,1538.82930467,1.07368031787e-06,0.000188501913774,-2.94699375272,38.2796020508,-7.49261474609,-25.3631286621,0.000518798828125,-64.6370849609,-41.2270202637
29.0,1253.06490672,736.58563422,1544.79306021,-1.32960182047e-05,0.000177341763324,-2.61050309055,34.8491273115,-7.72919735638,-24.4618064503,0.000548454446345,-65.5383757932,-37.4600600974
29.1,1305.96105099,637.667579675,1567.48610372,-1.6867683774e-05,0.000173764985954,-18.7033844045,18.2299734358,-8.30866133804,-21.1175523845,0.000543141139037,-68.8826245457,-36.9337557553
29.2,1324.86849494,556.282752161,1584.50048175,-1.90369903257e-05,0.000171555371821,-30.6032119556,5.94099518244,-8.73714405879,-18.6446547993,0.000539212231558,-71.355518202,-36.5445817539
29.3,1238.49617698,269.973927735,1648.00198749,-2.26293739445e-05,0.000167037500963,-74.2188894062,-39.1010123834,-10.3076344244,-9.58090112931,0.000524811857765,-80.4192574716,-35.1181671281
29.4,1163.45449084,202.558701095,1669.23213851,-1.94862963044e-05,0.000168636279981,-88.6621675325,-54.0166178789,-10.8277003804,-6.57945023144,0.000520043191666,-83.4207036008,-34.6458116764
29.5,1141.91800104,183.919116799,1670.68673082,-1.83783323992e-05,0.000168680315225,-92.4310803174,-58.1832081011,-10.3723337714,-6.46871686964,0.000520761840057,-83.5314327737,-34.2481332371
29.6,1144.61694162,112.42231323,1598.27849525,-1.37965703581e-05,0.000163125108017,-92.431069531,-62.653877669,-0.743099689036,-17.4241566367,0.000552741335958,-72.5759450374,-29.7775596077
29.7,1134.44627847,60.6940307232,1529.63331641,2.15581622013e-06,0.000164688038832,-92.4299230041,-66.441259371,7.42279046599,-26.7192119731,0.000580004623168,-63.2808490478,-25.9891265687
29.8,1138.77055008,52.1387705087,1476.04759434,-3.04155922554e-05,0.000146237315717,-91.8298240608,-66.3796187478,11.7229677943,-33.9962329183,0.000670397813723,-56.0038205699,-25.4507823896
29.9,1138.44008666,56.3425903921,1344.7585384,-1.93978527047e-05,0.000144704645269,-90.2949128632,-66.2219616979,22.7214495855,-52.6085310283,0.000901594758515,-37.3915031935,-24.0738697185
30.0,1136.62137399,61.1226139224,1321.20798716,4.65325259153e-07,0.000152185865371,-89.9998051966,-66.1916503906,24.8360290527,-56.1869506836,0.000946044921875,-33.813079834,-23.8091430664
30.1,1136.62137399,61.1226139224,1321.20798716,4.65325259153e-07,0.000152185865371,-89.9998051966,-66.1916503906,24.8360290527,-56.1869506836,0.000946044921875,-33.813079834,-23.8091430664
30.2,1136.62137399,61.1226139224,1321.20798716,4.65325259153e-07,0.000152185865371,-89.9998051966,-66.1916503906,24.8360290527,-56.1869506836,0.000946044921875,-33.813079834,-23.8091430664
30.3,1136.62137399,61.1226139224,1321.20798716,4.65325259153e-07,0.000152185865371,-89.9998051966,-66.1916503906,24.8360290527,-56.1869506836,0.000946044921875,-33.813079834,-23.8091430664
30.4,1135.58688944,60.9300347727,1419.89983989,1.01087581208e-05,0.000146202980596,-91.1504794224,-66.3097839355,14.9151611328,-42.2470397949,0.000701904296875,-47.7529907227,-24.8413696289
30.5,1134.60600667,60.7473692346,1513.47933028,1.12698483469e-05,0.000170811066716,-92.2415517379,-66.4219055176,8.27755737305,-28.9812011719,0.000579833984375,-61.0188598633,-25.8201293945
30.6,1140.3669527,72.9625954535,1538.58382496,1.22082339007e-05,0.000161796266076,-93.7319470661,-65.2275786581,5.88445490842,-25.6086516457,0.000562549032859,-64.391424711,-28.5048137854
30.7,1169.61607109,179.110988722,1601.2961366,7.79457894214e-05,0.000164126956028,-104.429958009,-55.2457771539,-6.69947043649,-16.5887983463,0.000420404222418,-73.4114040089,-49.1845031126
30.8,1139.35135209,358.446603419,1665.32154015,5.88505637379e-05,0.000199793790404,-123.196592574,-37.7354378258,-28.7745240004,-0.765933916695,0.000171050048873,-89.2344894682,-85.4613592661
30.9,1099.51824653,421.040199243,1674.58894071,-3.19430611737e-06,0.000174335039736,-131.383358175,-30.0966794772,-38.4046057794,6.13667576409,6.22711018048e-05,-96.1371955717,-101.286874272
